{

  "@context": "https://schema.org/",
  "@graph": [
    {
      "@context": "https://schema.org",
      "@type": "Corporation",
      "name": "Avidclan Technologies",
      "alternateName": "Avidclan",
      "url": "https://www.avidclan.com/",
      "logo": "https://www.avidclan.com/assets/images/logo.svg",
      "contactPoint": [
        {
          "@type": "ContactPoint",
          "telephone": "955-845-0670",
          "contactType": "sales",
          "areaServed": "IN",
          "availableLanguage": "en"
        }
      ],
      "sameAs": [
        "https://www.facebook.com/avidclan/",
        "https://www.linkedin.com/company/avidclan-technologies/",
        "https://twitter.com/AvidclanT",
        "https://www.instagram.com/avidclan_technologies/"
      ]
    },
    {
      "@context": "https://schema.org",
      "@type": "WebSite",
      "url": "https://www.avidclan.com/",
      "potentialAction": {
        "@type": "SearchAction",
        "target": "https://www.avidclan.com/?s={search_term_string}",
        "query-input": "required name=search_term_string"
      }
    },
    {
      "@context": "https://schema.org",
      "@type": "ProfessionalService",
      "name": "Avidclan",
      "image": "https://www.avidclan.com/assets/images/logo.svg",
      "@id": "",
      "url": "https://www.avidclan.com/",
      "telephone": "704-661-8869",
      "priceRange": "2 Lacs - 15 Lacs",
      "address": {
        "@type": "PostalAddress",
        "streetAddress": "1101, Shivalik Shilp, Iskcon Cross Roads,S.G.Highway",
        "addressLocality": "Ahmedabad",
        "postalCode": "380015",
        "addressCountry": "IN"
      }
    },
    {
      "@context": "https://schema.org",
      "@type": "LocalBusiness",
      "name": "Avidclan Technologies",
      "address": {
        "@type": "PostalAddress",
        "streetAddress": "1101, Shivalik Shilp, Iskcon Cross Roads, S.G. Highway",
        "addressLocality": "Ahmedabad",
        "addressRegion": "Gujarat",
        "postalCode": "380015"
      },
      "image": "https://www.avidclan.com/assets/images/logo.svg",
      "email": "mailto:info@avidclan.com",
      "telePhone": "9558450670",
      "url": "https://www.avidclan.com/",
      "paymentAccepted": [
        "invoice",
        "paypal"
      ],
      "openingHours": "Mo,Tu,We,Th,Fr 10:00-19:00",
      "openingHoursSpecification": [
        {
          "@type": "OpeningHoursSpecification",
          "dayOfWeek": [
            "Monday",
            "Tuesday",
            "Wednesday",
            "Thursday",
            "Friday"
          ],
          "opens": "10:00",
          "closes": "19:00"
        }
      ],
      "geo": {
        "@type": "GeoCoordinates",
        "latitude": "23.027142938222806",
        "longitude": "72.506707928836008"
      },
      "priceRange": "$"
    }
  ]

}